Equipo/µrea;Equipo/Vicepresidencia
PLANEACION Y ESTUDIOS TYD (CLS51000895);TRANSMISION Y DISTRIBUCION (CLS80000008)
TRANSMISION Y DISTRIBUCION (CLS51000577);TRANSMISION Y DISTRIBUCION (CLS80000008)
OPERACION DEL MEM (CLS51000848);GENERACION (CLS80000006)
PRUEBAS E INGENIERIA TYD (CLS53000571);TRANSMISION Y DISTRIBUCION (CLS80000008)
INGENIERIA TYD (CLS51000896);TRANSMISION Y DISTRIBUCION (CLS80000008)
OPERACION Y MANTENIMIENTO DE LA MEDIDA ZONA TOLIMA NORTE (CLS53000268);TRANSMISION Y DISTRIBUCION (CLS80000008)
PLANEACION Y PROGRAMACION MANTENIMIENTO MEDIA Y BAJA TENSION (CLS53000231);TRANSMISION Y DISTRIBUCION (CLS80000008)
DEVOPS TECNOLOGIA NEGOCIO (CLS53000545);TALENTO HUMANO Y SOLUCIONES ORGANIZACIONALES (CLS80000007)
SUBESTACIONES TOLIMA SUR (CLS53000577);TRANSMISION Y DISTRIBUCION (CLS80000008)
INFRAESTRUCTURA Y SERVICIOS ADMINISTRATIVOS (CLS51000783);TALENTO HUMANO Y SOLUCIONES ORGANIZACIONALES (CLS80000007)
EXPERIENCIA DE CLIENTE (CLS51000728);COMERCIAL (CLS80000004)
SUBESTACIONES TOLIMA NORTE (CLS53000578);TRANSMISION Y DISTRIBUCION (CLS80000008)
ANALISIS CONTABLE (CLS53000419);FINANCIERA (CLS80000005)
REGIONAL TOLIMA (CLS53000301);COMERCIAL (CLS80000004)
FINANZAS DE NEGOCIO (CLS51000676);FINANCIERA (CLS80000005)
PROYECTOS TYD (CLS51000662);TRANSMISION Y DISTRIBUCION (CLS80000008)
ASUNTOS LEGALES DE NEGOCIO (CLS53000015);ASUNTOS CORPORATIVOS (CLS80000002)
CATEGORIA (CLS53000327);FINANCIERA (CLS80000005)
INFORMACION TECNICA (CLS53000404);TRANSMISION Y DISTRIBUCION (CLS80000008)
MEDIDA Y CONFIABILIDAD TYD (CLS53000395);TRANSMISION Y DISTRIBUCION (CLS80000008)
CENTRO DE CONTROL (CLS53000348);TRANSMISION Y DISTRIBUCION (CLS80000008)
EVALUACION DE LA MEDIDA (CLS53000250);TRANSMISION Y DISTRIBUCION (CLS80000008)
SOCIOAMBIENTAL TYD (CLS53000570);TRANSMISION Y DISTRIBUCION (CLS80000008)
COBRO Y RECAUDO (CLS53000242);COMERCIAL (CLS80000004)
ASUNTOS LEGALES CORPORATIVOS (CLS51000479);ASUNTOS CORPORATIVOS (CLS80000002)
ASUNTOS LABORALES (CLS51000478);TALENTO HUMANO Y SOLUCIONES ORGANIZACIONALES (CLS80000007)
PROYECTO REDUCCION DE PERDIDAS TOLIMA (CLS53000611);TRANSMISION Y DISTRIBUCION (CLS80000008)
OPERACION CAMPO (CLS53000528);ENERBIT (CLS80000022)
ALMACEN (CLS53000244);FINANCIERA (CLS80000005)
PROYECTOS GRANJAS FOTOVOLTAICAS (CLS53000022);TRANSMISION Y DISTRIBUCION (CLS80000008)
PLANEACION Y PROGRAMACION MANTENIMIENTO ALTA TENSION (CLS53000580);TRANSMISION Y DISTRIBUCION (CLS80000008)
OPERACION Y MANTENIMIENTO DE LA MEDIDA ZONA TOLIMA SUR (CLS53000272);TRANSMISION Y DISTRIBUCION (CLS80000008)
AUDITORIA CORPORATIVA (CLS50000058);AUDITORIA CORPORATIVA (CLS80000020)
CENTRO DE OPERACIONES (CLS51000888);TRANSMISION Y DISTRIBUCION (CLS80000008)
PROYECTOS PARTICULARES (CLS53000459);TRANSMISION Y DISTRIBUCION (CLS80000008)
CATEGORIA (CLS53000374);FINANCIERA (CLS80000005)
INNOVACION (CLS51000578);INNOVACION (CLS80000021)
SOLUCIONES A COLABORADORES (CLS53000281);TALENTO HUMANO Y SOLUCIONES ORGANIZACIONALES (CLS80000007)
MANTENIMIENTO ELECTRICO TERMICAS (CLS53000486);GENERACION (CLS80000006)
OPERACION Y MANTENIMIENTO RUTINARIO CENTRALES GENERACION (CLS53000596);GENERACION (CLS80000006)
NEGOCIOS RETAIL (CLS53000618);COMERCIAL (CLS80000004)
DESARROLLO DE MERCADOS (CLS53000192);FINANCIERA (CLS80000005)
COMUNICACIONES INTERNAS (CLS51000797);ASUNTOS CORPORATIVOS (CLS80000002)
FINANZAS ESTRUCTURADAS (CLS53000420);FINANCIERA (CLS80000005)
PROGRAMACION Y CONTROL GENERACION (CLS53000353);GENERACION (CLS80000006)
SOSTENIBILIDAD (CLS53000013);ASUNTOS CORPORATIVOS (CLS80000002)
CENTRAL TERMICA TESORITO (CLS53000479);GENERACION (CLS80000006)
DEVOPS TECNOLOGIA NEGOCIO (CLS53000547);TALENTO HUMANO Y SOLUCIONES ORGANIZACIONALES (CLS80000007)
TECNOLOGIA (CLS53000526);ENERBIT (CLS80000022)
PRESUPUESTOS PROGRAMACION Y CONTROL GENERACION (CLS53000353);GENERACION (CLS80000006)
RETAIL (CLS53000280);COMERCIAL (CLS80000004)
ACADEMIA E4 (CLS53000009);TALENTO HUMANO Y SOLUCIONES ORGANIZACIONALES (CLS80000007)
REGIONAL ANTIOQUIA (CLS53000292);COMERCIAL (CLS80000004)
CONSTRUCCION PROYECTOS SOCIALES (CLS53000625);GENERACION (CLS80000006)
PROYECTOS MOVILIDAD ELECTRICA (CLS53000450);COMERCIAL (CLS80000004)
EXPERIENCIA DE COLABORADORES Y CULTURA (CLS53000466);TALENTO HUMANO Y SOLUCIONES ORGANIZACIONALES (CLS80000007)
FUNDACION (CLS53000029);ASUNTOS CORPORATIVOS (CLS80000002)
REGIONAL VALLE HOGARES (CLS53000294);COMERCIAL (CLS80000004)
MOVILIDAD ELECTRICA (CLS53000211);COMERCIAL (CLS80000004)
MANTENIMIENTO CENTRAL TERMICA (CLS53000485);GENERACION (CLS80000006)
PLANEACION FISCAL (CLS51000341);FINANCIERA (CLS80000005)
SOCIOAMBIENTAL PROYECTOS GENERACION (CLS53000593);GENERACION (CLS80000006)
ANALISIS DE MERCADOS (CLS53000193);FINANCIERA (CLS80000005)
ASUNTOS REGULATORIOS (CLS51000226);ASUNTOS REGULATORIOS (CLS80000003)
EJECUCION Y OPERACION PROYECTOS EFICIENCIA ENERGETICA (CLS53000518);COMERCIAL (CLS80000004)
ESTRUCTURACION DE PROYECTOS EFICIENCIA ENERGETICA (CLS53000472);COMERCIAL (CLS80000004)
DIGITALIZACION EFICIENCIA ENERGETICA (CLS53000483);COMERCIAL (CLS80000004)
INGENIERIA BASICA Y DE OFERTAS SISTEMAS FOTOVOLTAICOS (CLS53000023);TRANSMISION Y DISTRIBUCION (CLS80000008)
DESARROLLO ORGANIZACIONAL (CLS51000477);TALENTO HUMANO Y SOLUCIONES ORGANIZACIONALES (CLS80000007)
CRECIMIENTO Y EXPERIENCIA (CLS53000524);ENERBIT (CLS80000022)
EXPERIENCIAS DE SERVICIO ZONA (CLS53000319);COMERCIAL (CLS80000004)
EXPERIENCIAS DE SERVICIO (CLS53000564);COMERCIAL (CLS80000004)
ANALITICA (CLS53000475);TALENTO HUMANO Y SOLUCIONES ORGANIZACIONALES (CLS80000007)
EXPERIENCIAS DE SERVICIO (CLS53000566);COMERCIAL (CLS80000004)
EXPERIENCIAS DE SERVICIO ZONA (CLS53000369);COMERCIAL (CLS80000004)
SOCIOAMBIENTAL OPERACION GENERACION (CLS53000601);GENERACION (CLS80000006)
DEVOPS TECNOLOGIA NEGOCIO (CLS53000546);TALENTO HUMANO Y SOLUCIONES ORGANIZACIONALES (CLS80000007)
SERVICIO POSVENTA CLIENTES B2B (CLS53000534);COMERCIAL (CLS80000004)
LINEAS Y REDES TOLIMA SUR (CLS53000584);TRANSMISION Y DISTRIBUCION (CLS80000008)
CONSTRUCCION PROYECTOS SOCIALES (CLS53000586);GENERACION (CLS80000006)
MANTENIMIENTO INSTRUMENTACION Y CONTROL TERMICAS (CLS53000488);GENERACION (CLS80000006)
SOPORTE COMPRAS (CLS53000375);FINANCIERA (CLS80000005)
CENTRO DE CONTROL (CLS53000345);TRANSMISION Y DISTRIBUCION (CLS80000008)
FACTURACION MEDIDA (CLS53000558);COMERCIAL (CLS80000004)
LINEAS Y REDES TOLIMA NORTE (CLS53000583);TRANSMISION Y DISTRIBUCION (CLS80000008)
TESORERIA (CLS51000770);FINANCIERA (CLS80000005)
RIESGOS Y SISTEMA GESTION DE ACTIVOS (CLS53000283);FINANCIERA (CLS80000005)
EVALUACION INTEGRAL DEL NEGOCIO (CLS53000394);TRANSMISION Y DISTRIBUCION (CLS80000008)
EXPERIENCIA CLIENTES (CLS53000529);ENERBIT (CLS80000022)
ASEGURAMIENTO Y CALIDAD DE LA OPERACION (CLS51000887);TRANSMISION Y DISTRIBUCION (CLS80000008)
NEGOCIOS REGULADOS (CLS53000308);ASUNTOS REGULATORIOS (CLS80000003)
PLANEACION Y DESEMPE¥O TYD (CLS53000562);TRANSMISION Y DISTRIBUCION (CLS80000008)
ADMINISTRACION ALIADOS (CLS51000908);COMERCIAL (CLS80000004)
DESARROLLO DE PRODUCTOS (CLS53000027);COMERCIAL (CLS80000004)
OBRAS CIVILES PROYECTOS (CLS53000207);GENERACION (CLS80000006)
RELACIONAMIENTO Y GESTION (CLS53000321);FINANCIERA (CLS80000005)
RED DIGITAL 2.0 (CLS53000482);TRANSMISION Y DISTRIBUCION (CLS80000008)
COMUNICACIONES EXTERNAS (CLS51000796);ASUNTOS CORPORATIVOS (CLS80000002)
CUMPLIMIENTO (CLS53000239);ASUNTOS CORPORATIVOS (CLS80000002)
SOLUCIONES AL COLABORADOR (CLS53000281);TALENTO HUMANO Y SOLUCIONES ORGANIZACIONALES (CLS80000007)
GESTION DE LA MEDIDA (CLS53000265);TRANSMISION Y DISTRIBUCION (CLS80000008)
DISE¥O EXPERIENCIA CLIENTES (CLS53000610);COMERCIAL (CLS80000004)
CENTRAL GENERACION (CLS53000588);GENERACION (CLS80000006)
GESTION TECNOLOGIAS OPERACION TYD (CLS53000506);TRANSMISION Y DISTRIBUCION (CLS80000008)
PROYECTOS RED PROPIA (CLS51000900);TRANSMISION Y DISTRIBUCION (CLS80000008)
GESTION MULTISERVICIOS Y HOGAR MAS (CLS53000481);COMERCIAL (CLS80000004)
INGENIERIA DE DETALLE SISTEMAS FOTOVOLTAICOS (CLS53000357);TRANSMISION Y DISTRIBUCION (CLS80000008)
OBRAS CIVILES PROYECTOS (CLS53000428);GENERACION (CLS80000006)
DISTRITOS TERMICOS Y COGENERACION (CLS53000309);GENERACION (CLS80000006)
OPERACION Y MANTENIMIENTO RUTINARIO CENTRALES GENERACION (CLS53000592);GENERACION (CLS80000006)
CENTRO DE CONTROL (CLS53000342);TRANSMISION Y DISTRIBUCION (CLS80000008)
PROYECTO REDUCCION DE PERDIDAS ZONA VALLE (CLS53000039);TRANSMISION Y DISTRIBUCION (CLS80000008)
PROCESOS COMERCIALES (CLS51000910);COMERCIAL (CLS80000004)
PRESAS (CLS53000599);GENERACION (CLS80000006)
EXPERIENCIAS DE SERVICIO ZONA (CLS53000370);COMERCIAL (CLS80000004)
MANTENIMIENTO ELECTRICO CENTRALES GENERACION (CLS53000034);GENERACION (CLS80000006)
EJECUCION CRECIMIENTO DE RED (CLS53000457);TRANSMISION Y DISTRIBUCION (CLS80000008)
CENTRO DE OPERACIONES TIEMPO REAL INTERNET (CLS53000522);TALENTO HUMANO Y SOLUCIONES ORGANIZACIONALES (CLS80000007)
MANTENIMIENTO MECANICO CENTRALES GENERACION (CLS53000383);GENERACION (CLS80000006)
PLANEACION CRECIMIENTO DE RED (CLS53000456);TRANSMISION Y DISTRIBUCION (CLS80000008)
ENERGIA Y HOGARES (CLS53000278);COMERCIAL (CLS80000004)
EXPERIENCIAS DE SERVICIO (CLS53000568);COMERCIAL (CLS80000004)
SERVICIOS VIRTUALES (CLS53000539);COMERCIAL (CLS80000004)
OPERACION INTERNET (CLS53000238);TALENTO HUMANO Y SOLUCIONES ORGANIZACIONALES (CLS80000007)
REGIONAL VALLE EMPRESAS (CLS53000293);COMERCIAL (CLS80000004)
FACTURACION MEDIDA (CLS53000368);COMERCIAL (CLS80000004)
INGENIERIA PARA EL DESARROLLO (CLS51000795);FINANCIERA (CLS80000005)
REGIONAL COSTA (CLS53000289);COMERCIAL (CLS80000004)
REGIONAL BOGOTA (CLS53000288);COMERCIAL (CLS80000004)
CREDITOS (CLS53000333);COMERCIAL (CLS80000004)
SEGURIDAD Y SALUD EN EL TRABAJO (CLS51000337);TALENTO HUMANO Y SOLUCIONES ORGANIZACIONALES (CLS80000007)
CONFIABILIDAD MANTENIMIENTO (CLS53000248);TRANSMISION Y DISTRIBUCION (CLS80000008)
PROTECCIONES AUTOMATIZACION Y CONTROL (CLS51000843);GENERACION (CLS80000006)
INGENIERIA DE APOYO AGUAS (CLS51000845);GENERACION (CLS80000006)
ALMACEN (CLS53000376);FINANCIERA (CLS80000005)
CENTRO DE CONTROL (CLS53000347);TRANSMISION Y DISTRIBUCION (CLS80000008)
CONFIABILIDAD MANTENIMIENTO TYD (CLS53000248);TRANSMISION Y DISTRIBUCION (CLS80000008)
OPERACION Y MANTENIMIENTO RUTINARIO CENTRALES GENERACION (CLS53000595);GENERACION (CLS80000006)
SUBESTACIONES VALLE SUR (CLS53000579);TRANSMISION Y DISTRIBUCION (CLS80000008)
PROYECTOS TECHOS FOTOVOLTAICOS (CLS53000010);TRANSMISION Y DISTRIBUCION (CLS80000008)
OPERACION Y MANTENIMIENTO DE LA MEDIDA ZONA VALLE SUR (CLS53000227);TRANSMISION Y DISTRIBUCION (CLS80000008)
CENTRAL GENERACION (CLS53000590);GENERACION (CLS80000006)
MANTENIIMENTO ZONA VALLE NORTE (CLS53000574);TRANSMISION Y DISTRIBUCION (CLS80000008)
COMERCIAL INTERNET (CLS53000324);TALENTO HUMANO Y SOLUCIONES ORGANIZACIONALES (CLS80000007)
COBRO Y RECAUDO (CLS53000367);COMERCIAL (CLS80000004)
VIAS Y OBRAS POR IMPUESTOS (CLS53000615);GENERACION (CLS80000006)
COMPENSACION Y PLANEACION DEL TALENTO (CLS53000021);TALENTO HUMANO Y SOLUCIONES ORGANIZACIONALES (CLS80000007)
MANTENIMIENTO INTERNET (CLS53000329);TALENTO HUMANO Y SOLUCIONES ORGANIZACIONALES (CLS80000007)
MANTENIMIENTO ZONA CARIBE (CLS53000573);TRANSMISION Y DISTRIBUCION (CLS80000008)
DEVOPS TECNOLOGIA (CLS53000460);TALENTO HUMANO Y SOLUCIONES ORGANIZACIONALES (CLS80000007)
SUBESTACIONES VALLE NORTE (CLS53000576);TRANSMISION Y DISTRIBUCION (CLS80000008)
PLANEACION ABASTECIMIENTO (CLS53000326);FINANCIERA (CLS80000005)
EXPERIENCIAS DE SERVICIO ZONA (CLS53000243);COMERCIAL (CLS80000004)
SERVICIO A CLIENTES (CLS51000701);COMERCIAL (CLS80000004)
PLANEACION DE LA OPERACION (CLS51000891);TRANSMISION Y DISTRIBUCION (CLS80000008)
MANTENIMIENTO ZONA TOLIMA NORTE (CLS53000260);TRANSMISION Y DISTRIBUCION (CLS80000008)
INGENIERIA DE APOYO TERMICAS (CLS51000846);GENERACION (CLS80000006)
LINEAS Y REDES VALLE SUR (CLS53000582);TRANSMISION Y DISTRIBUCION (CLS80000008)
VENTAS (CLS53000343);COMERCIAL (CLS80000004)
NEGOCIOS EN COMPETENCIA (CLS52000018);ASUNTOS REGULATORIOS (CLS80000003)
DISE¥O Y CONSTRUCCION INTERNET (CLS53000513);TALENTO HUMANO Y SOLUCIONES ORGANIZACIONALES (CLS80000007)
LINEAS Y REDES VALLE NORTE (CLS53000581);TRANSMISION Y DISTRIBUCION (CLS80000008)
GESTION DE LA MEDIDA Y DEMANDA (CLS53000265);TRANSMISION Y DISTRIBUCION (CLS80000008)
TIENDAS PROPIAS Y VENTAS EMPRESARIALES (CLS53000624);COMERCIAL (CLS80000004)
CIBERSEGURIDAD (CLS53000025);TALENTO HUMANO Y SOLUCIONES ORGANIZACIONALES (CLS80000007)
VENTAS (CLS53000514);COMERCIAL (CLS80000004)
DEVOPS TECNOLOGIA NEGOCIO (CLS53000544);TALENTO HUMANO Y SOLUCIONES ORGANIZACIONALES (CLS80000007)
PRESUPUESTO GENERACION (CLS53000209);GENERACION (CLS80000006)
GESTION ADMINISTRATIVA SAC (CLS53000037);GENERACION (CLS80000006)
MANTENIMIENTO LINEAS Y SUBESTACIONES (CLS53000361);TRANSMISION Y DISTRIBUCION (CLS80000008)
LOGISTICA NACIONAL (CLS53000012);FINANCIERA (CLS80000005)
CENTRAL HIDRAULICA ALTO Y BAJO ANCHICAYA (CLS51000814);GENERACION (CLS80000006)
CANALES PROPIOS (CLS53000296);COMERCIAL (CLS80000004)
RIESGOS Y SEGUROS (CLS51000505);FINANCIERA (CLS80000005)
SERVICIO AL CLIENTE (CLS51000701);COMERCIAL (CLS80000004)
RIESGOS (CLS53000283);FINANCIERA (CLS80000005)
EXPERIENCIA DEL COLABORADOR Y CULTURA (CLS53000466);TALENTO HUMANO Y SOLUCIONES ORGANIZACIONALES (CLS80000007)
PROYECTO NOVA (CLS51000893);TRANSMISION Y DISTRIBUCION (CLS80000008)
CENTRAL GENERACION (CLS53000589);GENERACION (CLS80000006)
SISTEMAS FOTOVOLTAICOS (CLS51000704);TRANSMISION Y DISTRIBUCION (CLS80000008)
CONTROL DE ENERGIA (CLS53000572);TRANSMISION Y DISTRIBUCION (CLS80000008)
CENTRO DE CONTROL (CLS53000344);TRANSMISION Y DISTRIBUCION (CLS80000008)
LABORATORIO DE MEDIDORES (CLS53000396);TRANSMISION Y DISTRIBUCION (CLS80000008)
REGIONAL VALLE (CLS53000291);COMERCIAL (CLS80000004)
MANTENIMIENTO ZONA VALLE SUR (CLS53000575);TRANSMISION Y DISTRIBUCION (CLS80000008)
COMUNICACIONES (CLS51000485);ASUNTOS CORPORATIVOS (CLS80000002)
EVALUACION DEL MANTENIMIENTO TYD (CLS51000859);TRANSMISION Y DISTRIBUCION (CLS80000008)
FINANZAS DE PRODUCTO (CLS53000270);FINANCIERA (CLS80000005)
MANTENIMIENTO REDES Y SUBESTACIONES ZONA (CLS53000273);TRANSMISION Y DISTRIBUCION (CLS80000008)
ASUNTOS LABORALES CA (CLS53000504);CELSIA CENTROAMERICA (CLS80000009)
SUPERVISION DE TURNO III (CLS53000067);CELSIA CENTROAMERICA (CLS80000009)
MANTENIMIENTO, INSTRUMENTACION Y ELECTRICO DMA (CLS53000069);CELSIA CENTROAMERICA (CLS80000009)
FINANZAS (CLS53000525);ENERBIT (CLS80000022)
MERCADOS FINANCIEROS (CLS53000418);FINANCIERA (CLS80000005)
CONTROL QUIMICO (CLS53000497);CELSIA CENTROAMERICA (CLS80000009)
MANTENIMIENTO MECANICO DMA (CLS53000072);CELSIA CENTROAMERICA (CLS80000009)
MANTENIMIENTO ELECTROMECANICO CENTRALES (CLS53000214);CELSIA CENTROAMERICA (CLS80000009)
COMPLEJO HIDRICO CHIRIQUI (CLS52000023);CELSIA CENTROAMERICA (CLS80000009)
PLANEACION FINANCIERA (CLS52000010);FINANCIERA (CLS80000005)
SUPERVISION DE TURNO (CLS53000496);CELSIA CENTROAMERICA (CLS80000009)
LEGAL (CLS52000020);CELSIA CENTROAMERICA (CLS80000009)
SUPERVISION DE TURNO (CLS53000498);CELSIA CENTROAMERICA (CLS80000009)
TECNICO PRODUCTOS (CLS53000413);CELSIA CENTROAMERICA (CLS80000009)
COMPLEJO TERMICO COLON (CLS53000494);CELSIA CENTROAMERICA (CLS80000009)
COMERCIAL NUEVOS NEGOCIOS (CLS53000087);CELSIA CENTROAMERICA (CLS80000009)
CELSIA CENTROAMERICA (CLS51000552);CELSIA CENTROAMERICA (CLS80000009)
SUPERVISION DE TURNO (CLS53000495);CELSIA CENTROAMERICA (CLS80000009)
OPERACIONES Y MANTENIMIENTO (CLS53000411);CELSIA CENTROAMERICA (CLS80000009)
MANTENIMIENTO ME (CLS53000351);GENERACION (CLS80000006)
OPERACION CENTRALES TERMICAS (CLS53000469);GENERACION (CLS80000006)
GESTION DE LA MEDIDA ENERBIT (CLS53000621);ENERBIT (CLS80000022)
SUPERVISION TURNO IV CTC (CLS53000081);CELSIA CENTROAMERICA (CLS80000009)
INFRAESTRUCTURA Y SERVICIOS ADMINISTRATIVOS CA (CLS53000052);CELSIA CENTROAMERICA (CLS80000009)
PROYECTOS GENERACION (CLS51000486);PRESIDENCIA (CLS80000001)
PLANTA EOLICA GUANACASTE (CLS52000036);CELSIA CENTROAMERICA (CLS80000009)
OPERACIONES Y MANTENIMIENTO (CLS53000092);CELSIA CENTROAMERICA (CLS80000009)
PLANEACION FINANCIERA (CLS52000010);CELSIA CENTROAMERICA (CLS80000009)
SUPERVISION DE TURNO (CLS53000339);CELSIA CENTROAMERICA (CLS80000009)
CONTROL QUIMICO (CLS52000031);CELSIA CENTROAMERICA (CLS80000009)
GENERACION HIDRAULICA (CLS51000667);GENERACION (CLS80000006)
NUEVOS NEGOCIOS PAIS (CLS53000061);CELSIA CENTROAMERICA (CLS80000009)
OBRAS CIVILES PROYECTOS GENERACION (CLS53000036);GENERACION (CLS80000006)
RECURSOS TERMICAS (CLS51000913);GENERACION (CLS80000006)
MANTENIMIENTO TERMICAS (CLS51000771);GENERACION (CLS80000006)
MANTENIMIENTO MECANICO COMPLEJO TERMICO COLON (CLS53000501);CELSIA CENTROAMERICA (CLS80000009)
EQUIPOS ELECTRICOS PROYECTOS (CLS53000548);GENERACION (CLS80000006)
EXPERIENCIAS DE SERVICIO ZONA (CLS53000371);COMERCIAL (CLS80000004)
OPERACION Y MANTENIMIENTO RUTINARIO CENTRALES GENERACION (CLS53000597);GENERACION (CLS80000006)
DESARROLLO LOGISTICO (CLS53000556);FINANCIERA (CLS80000005)
HIDROGENO (CLS53000604);INNOVACION (CLS80000021)
OPERACIONES COMERCIALES (CLS51000754);COMERCIAL (CLS80000004)
ACTIVOS FIJOS (CLS53000246);FINANCIERA (CLS80000005)
PLANEACION MANTENIMIENTO LINEAS REDES Y UIETD (CLS53000231);TRANSMISION Y DISTRIBUCION (CLS80000008)
VENTAS Y OPERACIONES RETAIL (CLS53000617);COMERCIAL (CLS80000004)
CRECIMIENTO RED (CLS53000031);TRANSMISION Y DISTRIBUCION (CLS80000008)
MANTENIMIENTO INSTRUMENTACION CENTRALES GENERACION (CLS53000196);GENERACION (CLS80000006)
PLANEACION DEL MANTENIMIENTO TYD (CLS53000232);TRANSMISION Y DISTRIBUCION (CLS80000008)
INTERNET (CLS53000318);TALENTO HUMANO Y SOLUCIONES ORGANIZACIONALES (CLS80000007)
DISE¥O Y CONSTRUCCION INTERNET (CLS53000512);TALENTO HUMANO Y SOLUCIONES ORGANIZACIONALES (CLS80000007)
GESTION TECNICA GENERACION HIDRAULICA Y EOLICA (CLS53000587);GENERACION (CLS80000006)
OPERACION TERMICA (CLS51000773);GENERACION (CLS80000006)
GENERACION TERMICA (CLS53000350);GENERACION (CLS80000006)
COMERCIO EXTERIOR Y ZONA FRANCA (CLS51000775);FINANCIERA (CLS80000005)
CENTRAL HIDRAULICA PRADO Y CUCUANA (CLS51000816);GENERACION (CLS80000006)
PROTECCION DE RECURSOS (CLS51000329);TALENTO HUMANO Y SOLUCIONES ORGANIZACIONALES (CLS80000007)
SOCIOAMBIENTAL (CLS51000703);GENERACION (CLS80000006)
PMO TYD (CLS51000858);TRANSMISION Y DISTRIBUCION (CLS80000008)
MANTENIMIENTO TYD (CLS51000659);TRANSMISION Y DISTRIBUCION (CLS80000008)
CIUDADES Y EMPRESAS (CLS53000279);COMERCIAL (CLS80000004)
INTELIGENCIA COMPETITIVA (CLS53000505);COMERCIAL (CLS80000004)
GESTION TYD (CLS51000658);TRANSMISION Y DISTRIBUCION (CLS80000008)
COMUNICACIONES MARCA (CLS51000798);ASUNTOS CORPORATIVOS (CLS80000002)
ATRACCION CULTURA Y DESARROLLO DEL TALENTO (CLS53000030);TALENTO HUMANO Y SOLUCIONES ORGANIZACIONALES (CLS80000007)
SOCIOAMBIENTAL TYD (CLS53000403);TRANSMISION Y DISTRIBUCION (CLS80000008)
CENTRAL HIDRAULICA CALIMA (CLS51000815);GENERACION (CLS80000006)
GESTION MEDIDA Y PERDIDAS (CLS53000395);TRANSMISION Y DISTRIBUCION (CLS80000008)
MANTENIMIENTO TYD ZONA VALLE NORTE (CLS51000864);TRANSMISION Y DISTRIBUCION (CLS80000008)
EMPRESAS (CLS51000669);COMERCIAL (CLS80000004)
GESTION CONTRATISTAS (CLS51000809);TALENTO HUMANO Y SOLUCIONES ORGANIZACIONALES (CLS80000007)
COMPRAS CORPORATIVAS (CLS53000006);FINANCIERA (CLS80000005)
MANTENIMIENTO TYD ZONA CARIBE (CLS51000863);TRANSMISION Y DISTRIBUCION (CLS80000008)
SERVICIO HOGAR MAS (CLS53000298);COMERCIAL (CLS80000004)
MANTENIMIENTO ELECTRICO ALTO Y BAJO ANCHICAYA (CLS53000378);GENERACION (CLS80000006)
DESARROLLO DE SOLUCIONES TECNOLOGIA (CLS53000474);TALENTO HUMANO Y SOLUCIONES ORGANIZACIONALES (CLS80000007)
DESARROLLO DE NEGOCIOS (CLS51000480);FINANCIERA (CLS80000005)
PLANEACION Y COMBUSTIBLE MERCADO MAYORISTA (CLS53000536);GENERACION (CLS80000006)
ASUNTOS CORPORATIVOS (CLS50000056);ASUNTOS CORPORATIVOS (CLS80000002)
MANTENIMIENTO ACUEDUCTOS Y SANEAMIENTO (CLS53000607);GENERACION (CLS80000006)
GESTION RECURSOS CENTRAL TERMICA (CLS53000352);GENERACION (CLS80000006)
TALENTO HUMANO Y SOLUCIONES ORGANIZACIONALES (CLS50000059);TALENTO HUMANO Y SOLUCIONES ORGANIZACIONALES (CLS80000007)
EXPERIENCIA DE CLIENTES (CLS51000728);COMERCIAL (CLS80000004)
GESTION CONTABLE (CLS51000483);FINANCIERA (CLS80000005)
CENTRALES HIDRAULICAS MENORES (CLS51000490);GENERACION (CLS80000006)
PROYECTOS GENERACION (CLS51000486);GENERACION (CLS80000006)
CONTABILIDAD E IMPUESTOS (CLS51000151);FINANCIERA (CLS80000005)
PROYECTOS SOCIALES DE GENERACION (CLS53000033);GENERACION (CLS80000006)
GENERACION TERMICA (CLS50000062);GENERACION (CLS80000006)
MANTENIMIENTO MECANICO TERMICAS (CLS53000487);GENERACION (CLS80000006)
MANTENIMIENTOS MAYORES CENTRALES GENERACION (CLS53000591);GENERACION (CLS80000006)
ARQUITECTURA Y DIGITAL (CLS51000850);TALENTO HUMANO Y SOLUCIONES ORGANIZACIONALES (CLS80000007)
PROYECTOS GENERACION EOLICA (CLS53000028);GENERACION (CLS80000006)
BIENES INMUEBLES Y SERVICIOS ADMTIVOS (CLS51000336);TALENTO HUMANO Y SOLUCIONES ORGANIZACIONALES (CLS80000007)
GESTION TECNICA TERMICAS (CLS53000423);GENERACION (CLS80000006)
MANTENIMIENTO ZONA TOLIMA SUR (CLS53000261);TRANSMISION Y DISTRIBUCION (CLS80000008)
COMERCIAL (CLS51000576);COMERCIAL (CLS80000004)
CADENA DE ABASTECIMIENTO (CLS51000276);FINANCIERA (CLS80000005)
BIENES INMUEBLES I (CLS53000089);TALENTO HUMANO Y SOLUCIONES ORGANIZACIONALES (CLS80000007)
MANTENIMIENTO TYD ZONA (CLS53000260);TRANSMISION Y DISTRIBUCION (CLS80000008)
GESTION MANTENIMIENTO CENTRALES (CLS53000387);GENERACION (CLS80000006)
SOCIOAMBIENTAL CORPORATIVO (CLS53000530);ASUNTOS CORPORATIVOS (CLS80000002)
DESEMPE¥O TECNOLOGIA (CLS53000511);TALENTO HUMANO Y SOLUCIONES ORGANIZACIONALES (CLS80000007)
ESTRATEGIA TECNOLOGIA (CLS53000554);TALENTO HUMANO Y SOLUCIONES ORGANIZACIONALES (CLS80000007)
CONSOLIDACION CONTABLE Y NIIF (CLS51000678);FINANCIERA (CLS80000005)
SUPERVISION TURNO II CTC (CLS53000078);CELSIA CENTROAMERICA (CLS80000009)
SOCIO GESTION HUMANA (CLS53000054);CELSIA CENTROAMERICA (CLS80000009)
GESTION HUMANA Y ADMINISTRATIVA (CLS52000012);CELSIA CENTROAMERICA (CLS80000009)
MANTENIMIENTO CIVIL DMA (CLS53000070);CELSIA CENTROAMERICA (CLS80000009)
ABASTECIMIENTO ESTRATEGICO (CLS52000007);CELSIA CENTROAMERICA (CLS80000009)
GESTION DE RECURSOS (CLS53000045);CELSIA CENTROAMERICA (CLS80000009)
GERENCIA CTC (CLS52000029);CELSIA CENTROAMERICA (CLS80000009)
GESTION CONTABLE CA (CLS53000044);FINANCIERA (CLS80000005)
MANTENIMIENTO CTC (CLS52000033);CELSIA CENTROAMERICA (CLS80000009)
COMPENSACION Y PRODUCTIVIDAD (CLS53000055);CELSIA CENTROAMERICA (CLS80000009)
SUPERVISION TURNO I CTC (CLS53000077);CELSIA CENTROAMERICA (CLS80000009)
SUPERVISION MANTENIMIENTO ELECTRICO (CLS53000198);CELSIA CENTROAMERICA (CLS80000009)
SUPERVISION DE TURNO (CLS53000553);CELSIA CENTROAMERICA (CLS80000009)
SUPERVISION DE TURNO (CLS53000337);CELSIA CENTROAMERICA (CLS80000009)
SUPERVISION DE TURNO (CLS53000338);CELSIA CENTROAMERICA (CLS80000009)
SOPORTE DE PROYECTOS Y MERCADOS ELECTRICOS (CLS52000044);CELSIA CENTROAMERICA (CLS80000009)
SUPERVISION DE TURNO III CTC (CLS53000080);CELSIA CENTROAMERICA (CLS80000009)
MANTENIMIENTO ELECTRICO COMPLEJO TERMICO COLON (CLS53000493);CELSIA CENTROAMERICA (CLS80000009)
OPERACIONES CATIVA (CLS53000046);CELSIA CENTROAMERICA (CLS80000009)
INSTRUMENTACION Y CONTROL COMPLEJO TERMICO COLON (CLS53000491);CELSIA CENTROAMERICA (CLS80000009)
OPERACIONES CTC (CLS53000076);CELSIA CENTROAMERICA (CLS80000009)
SUPERVISION TURNO I CATIVA (CLS53000047);CELSIA CENTROAMERICA (CLS80000009)
CENTRAL HIDRAULICA SALVAJINA (CLS51000817);GENERACION (CLS80000006)
GESTION DE RECURSOS DMA (CLS53000071);CELSIA CENTROAMERICA (CLS80000009)
GESTION COMBUSTIBLES ZFC (CLS53000206);GENERACION (CLS80000006)
CENTRAL MERIELETRICA (CLS51000332);GENERACION (CLS80000006)
TECNOLOGIA CA (CLS53000053);TALENTO HUMANO Y SOLUCIONES ORGANIZACIONALES (CLS80000007)
INVESTIGACION Y DESARROLLO TECNOLOGIA (CLS53000473);TALENTO HUMANO Y SOLUCIONES ORGANIZACIONALES (CLS80000007)
PLANEACION FINANCIERA (CLS51000484);FINANCIERA (CLS80000005)
GESTION DE COMBUSTIBLE (CLS51000487);GENERACION (CLS80000006)
ALMACENAMIENTO Y MICRORREDES (CLS53000355);INNOVACION (CLS80000021)
COMERCIO EXTERIOR (CLS53000373);FINANCIERA (CLS80000005)
OPERACION TALENTO HUMANO (CLS51000526);TALENTO HUMANO Y SOLUCIONES ORGANIZACIONALES (CLS80000007)
LINEAS AT (CLS53000216);TRANSMISION Y DISTRIBUCION (CLS80000008)
PROTECCION Y TELECONTROL ZONA (CLS53000399);TRANSMISION Y DISTRIBUCION (CLS80000008)
MANTENIMIENTO ELECTRICO ALTO Y BAJO ANCHICAYA (CLS53000377);GENERACION (CLS80000006)
MANTENIMIENTO MECANICO ALTO Y BAJO ANCHICAYA (CLS53000379);GENERACION (CLS80000006)
INFRAESTRUCTURA CIVIL Y GESTION DE PRESAS (CLS53000191);GENERACION (CLS80000006)
PLANEACION ABASTECIMIENTO (CLS53000005);FINANCIERA (CLS80000005)
MANTENIMIENTO MECANICO ALTO Y BAJO ANCHICAYA (CLS53000380);GENERACION (CLS80000006)
INFRAESTRUCTURA Y SERVICIOS ADMINISTRATIVOS CA (CLS53000213);CELSIA CENTROAMERICA (CLS80000009)
SUPERVISION DE TURNO IV (CLS53000068);CELSIA CENTROAMERICA (CLS80000009)
PROYECTOS ESPECIALES GENERACION CA (CLS53000017);GENERACION (CLS80000006)
ALMACEN PANAMA (CLS53000406);FINANCIERA (CLS80000005)
PLANEAMIENTO DMA (CLS53000063);CELSIA CENTROAMERICA (CLS80000009)
PLANEACION DE MANTENIMIENTO (CLS53000199);CELSIA CENTROAMERICA (CLS80000009)
SUPERVISION TURNO III CATIVA (CLS53000049);CELSIA CENTROAMERICA (CLS80000009)
MANTENIMIENTO, INSTRUMENTACION Y ELECTRICO (CLS53000336);CELSIA CENTROAMERICA (CLS80000009)
TECNICO PROYECTOS (CLS53000413);CELSIA CENTROAMERICA (CLS80000009)
AMBIENTE (CLS52000022);CELSIA CENTROAMERICA (CLS80000009)
COMPLEJO TERMICO COLON (CLS53000409);CELSIA CENTROAMERICA (CLS80000009)
COMUNICACIONES SOSTENIBILIDAD Y GESTION SOCIAL (CLS53000315);CELSIA CENTROAMERICA (CLS80000009)
MANTENIMIENTO ELECTRICO PRADO Y CUCUANA (CLS53000382);GENERACION (CLS80000006)
PMO TECNOLOGIA (CLS53000511);TALENTO HUMANO Y SOLUCIONES ORGANIZACIONALES (CLS80000007)
REDES MTBT (CLS53000236);TRANSMISION Y DISTRIBUCION (CLS80000008)
PROVISION SERVICIO OBRAS Y MULTISERVICIOS (CLS51000886);TRANSMISION Y DISTRIBUCION (CLS80000008)
OPERACION DE LA MEDIDA ZONA (CLS53000227);TRANSMISION Y DISTRIBUCION (CLS80000008)
HOGARES (CLS51000668);COMERCIAL (CLS80000004)
INGENIERIA DE PRUEBAS (CLS53000401);TRANSMISION Y DISTRIBUCION (CLS80000008)
ESTRATEGIA ABASTECIMIENTO (CLS53000320);FINANCIERA (CLS80000005)
EXPERIENCIAS DE SERVICIO ZONA (CLS53000372);COMERCIAL (CLS80000004)
PLANEACION Y OPERACION MERCADOS ENERGETICOS (CLS51000488);GENERACION (CLS80000006)
INTELIGENCIA DE MERCADOS (CLS53000612);ASUNTOS REGULATORIOS (CLS80000003)
BIENES INMUEBLES (CLS51000909);TALENTO HUMANO Y SOLUCIONES ORGANIZACIONALES (CLS80000007)
INFRAESTRUCTURA ELECTRICA Y MANTENIMIENTO (CLS53000448);TALENTO HUMANO Y SOLUCIONES ORGANIZACIONALES (CLS80000007)
MANTENIMIENTO PREDICTIVO ELECTRICO (CLS53000598);GENERACION (CLS80000006)
TESORERIA (CLS52000011);FINANCIERA (CLS80000005)
ASUNTOS REGULATORIOS Y DESARROLLO DE MERCADOS (CLS53000366);CELSIA CENTROAMERICA (CLS80000009)
OPERACION TALENTO HUMANO Y SOLUCIONES ORGANIZACIONALES (CLS53000438);CELSIA CENTROAMERICA (CLS80000009)
GESTION SOCIOAMBIENTAL GENERACION (CLS51000703);GENERACION (CLS80000006)
GENERACION (CLS50000052);GENERACION (CLS80000006)
INGENIERIA DE PROCESOS Y DISE¥O ORGANIZACIONAL (CLS51000792);TALENTO HUMANO Y SOLUCIONES ORGANIZACIONALES (CLS80000007)
PRESIDENCIA (CLS50000050);PRESIDENCIA (CLS80000001)
INGENIERIA DE APOYO (CLS51000702);GENERACION (CLS80000006)
OBRAS CIVILES ACUEDUCTOS Y STAR (CLS53000388);GENERACION (CLS80000006)
ALMACEN (CLS53000557);FINANCIERA (CLS80000005)
GENERACION HIDRAULICA Y EOLICA (CLS53000585);GENERACION (CLS80000006)
CONFIABILIDAD DE ACTIVOS (CLS53000594);GENERACION (CLS80000006)
SISTEMAS FOTOVOLTAICOS (CLS53000616);TRANSMISION Y DISTRIBUCION (CLS80000008)
GESTION TECNICA INTERNET (CLS53000512);TALENTO HUMANO Y SOLUCIONES ORGANIZACIONALES (CLS80000007)
DESARROLLO DE PRODUCTO ENERBIT (CLS53000620);ENERBIT (CLS80000022)
SUPERVISION DE TURNO II (CLS53000066);CELSIA CENTROAMERICA (CLS80000009)
SUPERVISION TURNO I (CLS53000065);CELSIA CENTROAMERICA (CLS80000009)
REVERDEC (CLS53000603);GENERACION (CLS80000006)
OPERACIONES Y MANTENIMIENTO ACTIVOS FOTOVOLTAICOS CA (CLS53000429);CELSIA CENTROAMERICA (CLS80000009)
AUDITORIA CA (CLS53000412);AUDITORIA CORPORATIVA (CLS80000020)
MANTENIMIENTO ELECTRICO DMA (CLS53000073);CELSIA CENTROAMERICA (CLS80000009)
INTERVENTORIA ZONA VALLE (CLS53000614);TRANSMISION Y DISTRIBUCION (CLS80000008)
SALUD DE EQUIPOS (CLS53000249);TRANSMISION Y DISTRIBUCION (CLS80000008)
OPERACION TYD (CLS51000660);TRANSMISION Y DISTRIBUCION (CLS80000008)
FINANZAS CORPORATIVAS (CLS50000061);FINANCIERA (CLS80000005)
SERVICIO PRESENCIAL (CLS53000541);COMERCIAL (CLS80000004)
ADMINISTRACION VENTAS (CLS51000671);COMERCIAL (CLS80000004)
OPERACION Y MANTENIMIENTO DE LA MEDIDA ZONA VALLE NORTE (CLS53000398);TRANSMISION Y DISTRIBUCION (CLS80000008)
MANTENIMIENTO MECANICO PRADO Y CUCUANA (CLS53000600);GENERACION (CLS80000006)
GESTION DEL CAMBIO (CLS53000467);TALENTO HUMANO Y SOLUCIONES ORGANIZACIONALES (CLS80000007)
AUDITORIA CORPORATIVA (CLS50000058);PRESIDENCIA (CLS80000001)
Direccion de Operaciones y Proyectos (CA12000);CELSIA CENTROAMERICA (51000551)
OPERACIONES COMPLEJO HIDRICO CHIRIQUI (CLS53000064);CELSIA CENTROAMERICA (CLS80000009)
GESTION CENTRO DE OPERACIONES TECNOLOGIA (CLS53000535);TALENTO HUMANO Y SOLUCIONES ORGANIZACIONALES (CLS80000007)
OPERACIONES COMPLEJO TERMICO COLON (CLS53000502);CELSIA CENTROAMERICA (CLS80000009)
FINANCIERA (CLS50000053);FINANCIERA (CLS80000005)
GESTION DE RECURSOS COMPLEJO TERMICO COLON (CLS53000503);CELSIA CENTROAMERICA (CLS80000009)
NEGOCIO DISTRITO TERMICO Y EFICIENCIA ENERGETICA (CLS53000623);COMERCIAL (CLS80000004)
ENERBIT (CLS53000523);ENERBIT (CLS80000022)
PLANEACION DEL MEM (CLS51000847);GENERACION (CLS80000006)
INNOVACION (CLS51000578);PRESIDENCIA (CLS80000001)
MANTENIMIENTO TYD ZONA VALLE SUR (CLS51000871);TRANSMISION Y DISTRIBUCION (CLS80000008)
GESTION TECNICA HIDRAULICAS (CLS51000838);GENERACION (CLS80000006)
SUPERVISION TURNO V CTC (CLS53000082);CELSIA CENTROAMERICA (CLS80000009)
GESTION APLICACIONES DE NEGOCIO (CLS51000851);TALENTO HUMANO Y SOLUCIONES ORGANIZACIONALES (CLS80000007)
FUNDACION EPSA (CLS53000029);ASUNTOS CORPORATIVOS (CLS80000002)
FACTURACION (CLS53000368);COMERCIAL (CLS80000004)
GESTION RECURSOS ME (CLS53000352);GENERACION (CLS80000006)
RELACIONAMIENTO Y DESARROLLO DE PROVEEDORES (CLS53000007);FINANCIERA (CLS80000005)
PLANEACION DISE¥O E INGENIERIA TYD (CLS51000753);TRANSMISION Y DISTRIBUCION (CLS80000008)
OPERACION Y MANTENIMIENTO SUBESTACIONES (CLS53000314);TRANSMISION Y DISTRIBUCION (CLS80000008)
MARCA PROPIA Y CANALES MASIVOS (CLS53000295);COMERCIAL (CLS80000004)
COMERCIALIZACION ENERGIA ENERBIT (CLS53000619);ENERBIT (CLS80000022)
PROYECTO SAN ANDRES (CLS53000035);GENERACION (CLS80000006)
MANTENIMIENTO REDES ZONA (CLS53000220);TRANSMISION Y DISTRIBUCION (CLS80000008)
CANAL PAP (CLS53000430);COMERCIAL (CLS80000004)
CONFIABILIDAD MEDICION (CLS53000251);TRANSMISION Y DISTRIBUCION (CLS80000008)
VENTAS NUEVOS NEGOCIOS (CLS53000062);CELSIA CENTROAMERICA (CLS80000009)
GERENCIA DMA (CLS52000023);CELSIA CENTROAMERICA (CLS80000009)
SST PROCESOS DE NEGOCIO (CLS53000340);TALENTO HUMANO Y SOLUCIONES ORGANIZACIONALES (CLS80000007)
OBRAS CIVILES PROYECTOS (CLS53000036);GENERACION (CLS80000006)
TECNOLOGIA (CLS51000727);TALENTO HUMANO Y SOLUCIONES ORGANIZACIONALES (CLS80000007)
INTERVENTORIA TYD (CLS53000569);TRANSMISION Y DISTRIBUCION (CLS80000008)
CIUDADES (CLS51000670);COMERCIAL (CLS80000004)
CRECIMIENTO RED Y MULTISERVICIOS (CLS53000031);TRANSMISION Y DISTRIBUCION (CLS80000008)
GESTION SERVICIOS (CLS53000391);TALENTO HUMANO Y SOLUCIONES ORGANIZACIONALES (CLS80000007)
NEGOCIO REGULADO (CLS51000656);ASUNTOS REGULATORIOS (CLS80000003)
PROYECTO NIVEL DE TENSION 1 (CLS53000433);TRANSMISION Y DISTRIBUCION (CLS80000008)
MANTENIMIENTO TYD Y CONTROL DE ENERGIA (CLS51000659);TRANSMISION Y DISTRIBUCION (CLS80000008)
CENTRO DE OPERACIONES TECNOLOGIA (CLS53000535);TALENTO HUMANO Y SOLUCIONES ORGANIZACIONALES (CLS80000007)
REDES MTBT (CLS53000235);TRANSMISION Y DISTRIBUCION (CLS80000008)
REDES MTBT (CLS53000225);TRANSMISION Y DISTRIBUCION (CLS80000008)
PLANEACION DEL MANTENIMIENTO TYD (CLS51000661);TRANSMISION Y DISTRIBUCION (CLS80000008)
GESTION TECNICA MECANICA CENTRALES (CLS53000390);GENERACION (CLS80000006)
GESTION DE ENERGIA Y PERDIDAS (CLS51000854);TRANSMISION Y DISTRIBUCION (CLS80000008)
PERDIDAS DE ENERGIA ZONA (CLS53000222);TRANSMISION Y DISTRIBUCION (CLS80000008)
PROTECCIONES Y TELECONTROL TYD (CLS51000883);TRANSMISION Y DISTRIBUCION (CLS80000008)
INFORMACION TECNICA (CLS53000431);TRANSMISION Y DISTRIBUCION (CLS80000008)
ANALISIS CONTABLE (CLS53000247);FINANCIERA (CLS80000005)
GESTION TECNICA CIVIL CENTRALES (CLS53000388);GENERACION (CLS80000006)
PROYECTO SAPIENCIA (CLS51000675);FINANCIERA (CLS80000005)
EXPERIENCIA DEL COLABORADOR (CLS53000322);TALENTO HUMANO Y SOLUCIONES ORGANIZACIONALES (CLS80000007)
PROYECTOS TECNOLOGIA (CLS53000020);TALENTO HUMANO Y SOLUCIONES ORGANIZACIONALES (CLS80000007)
OPERACION CANALES DE SERVICIO (CLS53000451);TALENTO HUMANO Y SOLUCIONES ORGANIZACIONALES (CLS80000007)
PERDIDAS DE ENERGIA ZONA (CLS53000218);TRANSMISION Y DISTRIBUCION (CLS80000008)
CIENCIA DE DATOS (CLS53000237);INNOVACION (CLS80000021)
MEDIDA CENTRALIZADA Y ESPECIAL REDUCCION DE PERDIDAS (CLS53000426);TRANSMISION Y DISTRIBUCION (CLS80000008)
OPERACION Y MANTENIMIENTO TECNOLOGIA NEGOCIOS (CLS53000464);TALENTO HUMANO Y SOLUCIONES ORGANIZACIONALES (CLS80000007)
INFORMACION TECNICA Y GIS CORPORATIVO (CLS53000404);TRANSMISION Y DISTRIBUCION (CLS80000008)
EXPERIENCIAS DE SERVICIO I (CLS53000303);COMERCIAL (CLS80000004)
PERDIDAS DE ENERGIA ZONA (CLS53000219);TRANSMISION Y DISTRIBUCION (CLS80000008)
EXPERIENCIAS DE SERVICIO I (CLS53000305);COMERCIAL (CLS80000004)
VENTAS PAP INTERNET (CLS53000555);TALENTO HUMANO Y SOLUCIONES ORGANIZACIONALES (CLS80000007)
OPERACION DE LA MEDIDA ZONA (CLS53000268);TRANSMISION Y DISTRIBUCION (CLS80000008)
CRECIMIENTO DE RED MTBT (CLS53000271);TRANSMISION Y DISTRIBUCION (CLS80000008)
CONTACT CENTER INTERNET (CLS53000521);TALENTO HUMANO Y SOLUCIONES ORGANIZACIONALES (CLS80000007)
MANTENIMIENTO TYD ZONA (CLS53000261);TRANSMISION Y DISTRIBUCION (CLS80000008)
DESARROLLO MODELOS DE SERVICIO (CLS53000190);COMERCIAL (CLS80000004)
MEDIDA CENTRALIZADA Y ESPECIAL REDUCCION DE PERDIDAS (CLS53000040);TRANSMISION Y DISTRIBUCION (CLS80000008)
PROYECTO REDUCCION DE PERDIDAS (CLS53000039);TRANSMISION Y DISTRIBUCION (CLS80000008)
PMO Y PROSPECTIVA DE NEGOCIO TYD (CLS51000858);TRANSMISION Y DISTRIBUCION (CLS80000008)
CRECIMIENTO DE RED Y MULTISERVICIOS ZONA (CLS53000230);TRANSMISION Y DISTRIBUCION (CLS80000008)
EXPERIENCIAS DE SERVICIO I (CLS53000304);COMERCIAL (CLS80000004)
UNIDAD FUNCIONAL TMSA (CLS53000332);COMERCIAL (CLS80000004)
GESTION DE APLICACIONES OPERACION TYD (CLS53000506);TRANSMISION Y DISTRIBUCION (CLS80000008)
ASEGURAMIENTO DEL SERVICIO POSTVENTA (CLS53000334);COMERCIAL (CLS80000004)
PROTECCION Y TELECONTROL ZONA (CLS53000410);TRANSMISION Y DISTRIBUCION (CLS80000008)
EXPERIENCIAS DE SERVICIO I (CLS53000302);COMERCIAL (CLS80000004)
PROYECTO TESORITO (CLS53000425);GENERACION (CLS80000006)
VENTAS ZONA (CLS53000442);COMERCIAL (CLS80000004)
PROYECTOS NUEVOS NEGOCIOS TYD (CLS51000899);TRANSMISION Y DISTRIBUCION (CLS80000008)
LOGISTICA Y OPERACIONES RETAIL (CLS53000452);FINANCIERA (CLS80000005)
SUBESTACIONES (CLS53000228);TRANSMISION Y DISTRIBUCION (CLS80000008)
REDES MTBT II (CLS53000226);TRANSMISION Y DISTRIBUCION (CLS80000008)
PROYECTO REDUCCION DE PERDIDAS ZONA (CLS53000039);TRANSMISION Y DISTRIBUCION (CLS80000008)
SUBESTACIONES (CLS53000405);TRANSMISION Y DISTRIBUCION (CLS80000008)
INFORMACION TECNICA (CLS53000432);TRANSMISION Y DISTRIBUCION (CLS80000008)
PERDIDAS DE ENERGIA ZONA (CLS53000223);TRANSMISION Y DISTRIBUCION (CLS80000008)
EQUIPOS MECANICOS PROYECTOS (CLS53000551);GENERACION (CLS80000006)
PROYECTOS FOTOVOLTAICOS HN (CLS53000470);CELSIA CENTROAMERICA (CLS80000009)
GESTION Y DESARROLLO PROVEEDORES (CLS51000780);FINANCIERA (CLS80000005)
NUEVOS NEGOCIOS PAIS (CLS53000086);CELSIA CENTROAMERICA (CLS80000009)
OPERACION Y MANTENIMIENTO TECNOLOGIA (CLS53000461);TALENTO HUMANO Y SOLUCIONES ORGANIZACIONALES (CLS80000007)
CELSIA;Miembros de Junta
LOGISTICA (CLS53000012);FINANCIERA (CLS80000005)
PROYECTO SAN ANDRES (CLS53000000);GENERACION (CLS80000006)
PERDIDAS DE ENERGIA ZONA (CLS53000365);TRANSMISION Y DISTRIBUCION (CLS80000008)
PROTECCIONES E INSTRUMENTACION CENTRALES (CLS51000843);GENERACION (CLS80000006)
MANTENIMIENTO REDES ZONA (CLS53000229);TRANSMISION Y DISTRIBUCION (CLS80000008)
MANTENIMIENTO REDES Y SUBESTACIONES ZONA (CLS53000274);TRANSMISION Y DISTRIBUCION (CLS80000008)
VENTAS PAP INTERNET (CLS53000543);TALENTO HUMANO Y SOLUCIONES ORGANIZACIONALES (CLS80000007)
COMUNICACIONES Y CONTENIDOS (CLS51000485);ASUNTOS CORPORATIVOS (CLS80000002)
MULTISERVICIOS (CLS53000094);TRANSMISION Y DISTRIBUCION (CLS80000008)
TRANSACCIONES DE ENERGIA (CLS53000256);TRANSMISION Y DISTRIBUCION (CLS80000008)
VENTAS ZONA NEGOCIO CIUDADES Y SECTOR PUBLICO (CLS53000313);COMERCIAL (CLS80000004)
SUBESTACIONES (CLS53000224);TRANSMISION Y DISTRIBUCION (CLS80000008)
MANTENIMIENTO SUBESTACIONES ZONA (CLS53000400);TRANSMISION Y DISTRIBUCION (CLS80000008)
PROTECCION Y TELECONTROL ZONA (CLS53000259);TRANSMISION Y DISTRIBUCION (CLS80000008)
EJECUCION Y OPERACION DE PROYECTOS EFICIENCIA ENERGETICA (CLS53000468);COMERCIAL (CLS80000004)
GESTION TECNICA ELECTRICA CENTRALES (CLS53000389);GENERACION (CLS80000006)
GESTION RECURSOS CENTRAL TERMICA (CLS53000549);GENERACION (CLS80000006)
INGENIERIA TECNOLOGIA (CLS53000460);TALENTO HUMANO Y SOLUCIONES ORGANIZACIONALES (CLS80000007)
GESTION DOCUMENTAL (CLS53000162);TRANSMISION Y DISTRIBUCION (CLS80000008)
REDES MTBT (CLS53000363);TRANSMISION Y DISTRIBUCION (CLS80000008)
GERENCIA DE DISTRIBUCION TOLIMA (CLS53000125);TRANSMISION Y DISTRIBUCION (CLS80000008)
SOCIAL PROYECTOS GENERACION (CLS53000208);GENERACION (CLS80000006)
DESARROLLO SOFTWARE (CLS53000245);TALENTO HUMANO Y SOLUCIONES ORGANIZACIONALES (CLS80000007)
CANAL DIGITAL (CLS53000439);COMERCIAL (CLS80000004)
OPERACION (CLS53000349);TRANSMISION Y DISTRIBUCION (CLS80000008)
MEDICINA LABORAL (CLS53000480);TALENTO HUMANO Y SOLUCIONES ORGANIZACIONALES (CLS80000007)
